10000,camila.soto@luckia.cl
10001,paola.romero@luckia.cl
10002,gloria.barraza@luckia.cl
10003,rubén.solar@luckia.cl
10004,juan.ortiz@luckia.cl
10005,sergio.osses@luckia.cl
10006,sofía.flores@luckia.cl
10007,jaime.romero@luckia.cl
10008,felipe.valenzuela@luckia.cl
10009,sophia.parra@luckia.cl
10010,eugenia.ramos@luckia.cl
10011,maría.dinamarca@luckia.cl
10012,rosario.naranjo@luckia.cl
10013,saúl.galleguillos@luckia.cl
10014,jorge.escobar@luckia.cl
10015,víctor.ortiz@luckia.cl
10016,maría.vera@luckia.cl
10017,dolores.vargas@luckia.cl
10018,flor.aguilera@luckia.cl
10019,emilia.cubillos@luckia.cl
10020,celestino.sáez@luckia.cl
10021,belén.sepúlveda@luckia.cl
10022,valentina.labra@luckia.cl
10023,lucas.sanhueza@luckia.cl
10024,omar.rojas@luckia.cl
10025,mateo.yáñez@luckia.cl
10026,michelle.martínez@luckia.cl
10027,edson.pérez@luckia.cl
10028,manuel.aguilar@luckia.cl
10029,ángela.reyes@luckia.cl
10030,luis.aedo@luckia.cl
10031,sofía.aguilar@luckia.cl
10032,ángel.olivares@luckia.cl
10033,mateo.bustos@luckia.cl
10034,wilfredo.fuentes@luckia.cl
10035,lidia.gutiérrez@luckia.cl
10036,ricardo.cifuentes@luckia.cl
10037,miguel.cortés@luckia.cl
10038,alfonso.díaz@luckia.cl
10039,roberto.moyano@luckia.cl
10040,mariluz.díaz@luckia.cl
10041,víctor.vargas@luckia.cl
10042,benedicto.oliva@luckia.cl
10043,silvana.bravo@luckia.cl
10044,claudia.urra@luckia.cl
10045,arturo.arias@luckia.cl
10046,gisselle.ojeda@luckia.cl
10047,josé.rosales@luckia.cl
10048,miguel.ponce@luckia.cl
10049,danny.lópez@luckia.cl
10050,luis.rodríguez@luckia.cl
10051,josefa.sánchez@luckia.cl
10052,luz.barrientos@luckia.cl
10053,patricia.ulloa@luckia.cl
10054,matías.ruiz@luckia.cl
10055,eliseo.arce@luckia.cl
10056,juan.romero@luckia.cl
10057,felipe.gonzález@luckia.cl
10058,damián.villarroel@luckia.cl
10059,daniela.abarca@luckia.cl
10060,josefa.gallardo@luckia.cl
10061,josé.díaz@luckia.cl
10062,marlene.fierro@luckia.cl
10063,andrés.zambrano@luckia.cl
10064,carla.sepúlveda@luckia.cl
10065,luis.herrera@luckia.cl
10066,yessica.santander@luckia.cl
10067,tania.valderrama@luckia.cl
10068,víctor.valenzuela@luckia.cl
10069,ana.oyarzún@luckia.cl
10070,mireya.orellana@luckia.cl
10071,sonia.sepúlveda@luckia.cl
10072,hortensia.loyola@luckia.cl
10073,vanesa.briones@luckia.cl
10074,paloma.gonzález@luckia.cl
10075,edith.carrasco@luckia.cl
10076,alba.rubio@luckia.cl
10077,johan.briones@luckia.cl
10078,matías.fuenzalida@luckia.cl
10079,ana.segovia@luckia.cl
10080,noemí.espinoza@luckia.cl
10081,aníbal.henríquez@luckia.cl
10082,carmen.vilches@luckia.cl
10083,cristian.gonzález@luckia.cl
10084,camila.carrasco@luckia.cl
10085,consuelo.galdames@luckia.cl
10086,felipe.cuevas@luckia.cl
10087,alejandra.allende@luckia.cl
10088,gabriela.oñate@luckia.cl
10089,luis.veloso@luckia.cl
10090,carolina.valladares@luckia.cl
10091,matías.rodríguez@luckia.cl
10092,javier.lobos@luckia.cl
10093,diego.salas@luckia.cl
10094,teresa.vega@luckia.cl
10095,anahí.castro@luckia.cl
10096,ingrid.gonzález@luckia.cl
10097,fanny.ortega@luckia.cl
10098,belén.andrade@luckia.cl
10099,eliana.riquelme@luckia.cl
